"NBR name", "new name"
"Hildes Familie Barnehage Hilde Martinsen Norborg", "Hildes familie barnehage Hilde Martinsen Norborg"
"Ormerudveien Familiebarnehage Avd Nøtteliten", "Ormerudveien familiebarnehage avd. Nøtteliten"
"0 - 6 Ullensakergata barnehage AS", "0 - 6 Ullensakergata barnehage"
"0 - 6 Vålerenggata barnehage AS", "0 - 6 Vålerenggata barnehage"
"100 Meterskogen barnehage AS", "100 Meterskogen barnehage"
"Abildsø Menighetsbarnehage", "Abildsø menighetsbarnehage"
"Abrakadabra Familiebarnehage", "Abrakadabra familiebarnehage"
"Aker Brygge barnehage Sa", "Aker Brygge barnehage"
"Akersveien Kanvas-Barnehage", "Akersveien Kanvas-barnehage"
"Alfred Familiebarnehage", "Alfred familiebarnehage"
"Alna Smart Språkgrupper og Åpne Barnehager", "Alna Smart Språkgrupper og Åpne barnehager"
"Alna Åpen barnehage - Lindeberg", "Alna åpen barnehage - Lindeberg"
"Alna Åpen barnehage - Tveita", "Alna åpen barnehage - Tveita"
"Ankerhagen barnehage Sa", "Ankerhagen barnehage"
"Asperud Fus barnehage AS", "Asperud FUS barnehage"
"Sn Familiebarnehager AS Avd Asperudveien 16", "Sn familiebarnehager avd. Asperudveien 16"
"Sn Familiebarnehager AS Avd Asperudveien 9a", "Sn familiebarnehager avd. Asperudveien 9a"
"Baglerbyen Fus barnehage AS", "Baglerbyen FUS barnehage"
"Bakkehaugen barnehage Sa", "Bakkehaugen barnehage"
"Bamsebo Familiebarnehage", "Bamsebo familiebarnehage"
"Barnas barnehage Arnebråtveien AS", "Barnas barnehage Arnebråtveien"
"Barnas barnehage Lunden AS", "Barnas barnehage Lunden"
"Barnehage Frivåg AS", "Barnehage Frivåg"
"Bekkelaget Kirkes barnehage", "Bekkelaget kirkes barnehage"
"Bekkelagsveien Familiebarnehage Faisal", "Bekkelagsveien familiebarnehage Faisal"
"Bellevue Gård barnehage", "Bellevue gård barnehage"
"Berg Gård barnehage", "Berg gård barnehage"
"Betha Thorsens Kanvas-Barnehage", "Betha Thorsens Kanvas-barnehage"
"Bever'N barnehage Sa Samvirkeforetak", "Bever'n barnehage Samvirkeforetak"
"Birk barnehage AS", "Birk barnehage"
"Bjerkealleen Kanvas-Barnehage", "Bjerkealleen Kanvas-barnehage"
"Blindern Barnestuer Sa", "Blindern Barnestuer"
"Bogerud Gård barnehage", "Bogerud gård barnehage"
"Bogerud Åpen barnehage", "Bogerud åpen barnehage"
"Bolteløkka barnehage AS", "Bolteløkka barnehage"
"Borggata Familiebarnehage", "Borggata familiebarnehage"
"Brattvoll Familiebarnehage", "Brattvoll familiebarnehage"
"Brennastubben Familiebarnehage AS", "Brennastubben familiebarnehage"
"Brumlebassen barnehage AS", "Brumlebassen barnehage"
"Brødfabrikken Fus barnehage AS", "Brødfabrikken FUS barnehage"
"Bråten barnehage Sa", "Bråten barnehage"
"Bukken Bruse barnehage Sa", "Bukken Bruse barnehage"
"Bygdøynes Familiebarnehage", "Bygdøynes familiebarnehage"
"Bøler Menighets barnehage", "Bøler menighets barnehage"
"Bøler Private Familiebarnehage", "Bøler private familiebarnehage"
"Child Planet De Fire Årstider AS", "Child Planet De Fire Årstider"
"Christiania Barnehave Bjørndal AS", "Christiania barnehave Bjørndal"
"Christiania Barnehave Høybråten AS", "Christiania barnehave Høybråten"
"Christiania Barnehave Nordstrand AS", "Christiania barnehave Nordstrand"
"Christinedal Kunst og Kulturbarnehage", "Christinedal Kunst og kulturbarnehage"
"Collettløkka barnehage Sa", "Collettløkka barnehage"
"Davinas AS", "Davinas"
"De Ni Musene AS Avd Ekeberg", "De Ni Musene avd. Ekeberg"
"De Ni Musene AS Avd Frogner", "De Ni Musene avd. Frogner"
"De Ni Musene AS Avd Nordstrand", "De Ni Musene avd. Nordstrand"
"Den Blå Appelsin Kanvas-Barnehage", "Den Blå Appelsin Kanvas-barnehage"
"Den Russiske Barnehagen", "Den Russiske barnehagen"
"Den Russiske Familiebarnehagen", "Den Russiske familiebarnehagen"
"Den Tysk-Norske Barnehagen i Oslo", "Den Tysk-norske barnehagen i Oslo"
"Disen Gård Kanvas-Barnehage", "Disen gård Kanvas-barnehage"
"Dr. Brandts barnehage AS", "Dr. Brandts barnehage"
"Du og Jeg Og Vi To Familiebarnehage", "Du og Jeg Og Vi To familiebarnehage"
"Dumpa Kanvas-Musikkbarnehage", "Dumpa Kanvas-musikkbarnehage"
"Eitillstad Fus-Barnehage", "Eitillstad Fus-barnehage"
"Ekeberg Idrettsbarnehage AS", "Ekeberg idrettsbarnehage"
"Ellingsrud Private barnehage", "Ellingsrud private barnehage"
"Emil Familebarnehage", "Emil familebarnehage"
"Emmahagen Familiebarnehage", "Emmahagen familiebarnehage"
"Englebarna Familiebarnehage", "Englebarna familiebarnehage"
"Englegården Familiebarnehage", "Englegården familiebarnehage"
"Eplehagen Kanvas-Barnehage", "Eplehagen Kanvas-barnehage"
"Eplekneika barnehage Sa", "Eplekneika barnehage"
"Eventyrlia Fus barnehage", "Eventyrlia FUS barnehage"
"Eventyrskogen Familiebarnehage Ans", "Eventyrskogen familiebarnehage"
"Fagerborg Menighets barnehage", "Fagerborg menighets barnehage"
"Fanten Barnehage Avd Solhauggata", "Fanten barnehage avd. Solhauggata"
"Fernanda Fus barnehage AS Avd Lillohøyden", "Fernanda FUS barnehage avd. Lillohøyden"
"Fernanda Fus barnehage AS Avd Elvelunden", "Fernanda FUS barnehage avd. Elvelunden"
"Fiskevollen Musikkbarnehage", "Fiskevollen musikkbarnehage"
"Fjordgløtt Familiebarnehage AS", "Fjordgløtt familiebarnehage"
"Foreldreforeningen Regnbuen Åpen barnehage", "Foreldreforeningen Regnbuen åpen barnehage"
"Forskningsparken Montessori AS", "Forskningsparken Montessori"
"Fredriksborg Familiebarnehage", "Fredriksborg familiebarnehage"
"Frelsesarmeens Barnehager Avd Regnbuen", "Frelsesarmeens barnehager avd. Regnbuen"
"Fridheim barnehage AS", "Fridheim barnehage"
"Frogner Internasonale Pre-School", "Frogner Internasonale Pre-school"
"Fuglekongen Familiebarnehage", "Fuglekongen familiebarnehage"
"Furulunden Kortidsbarnehage Ans", "Furulunden kortidsbarnehage"
"Furuveien Familiebarnehage", "Furuveien familiebarnehage"
"Gaustadsnippen barnehage AS", "Gaustadsnippen barnehage"
"Gjøkungen Familiebarnehage", "Gjøkungen familiebarnehage"
"Gnist Bjørnegårdssvingen barnehage AS", "Gnist Bjørnegårdssvingen barnehage"
"Grefsen Kirkes barnehage", "Grefsen kirkes barnehage"
"Grefsenlyst Fus barnehage AS", "Grefsenlyst FUS barnehage"
"Grei Korttidsbarnehage", "Grei korttidsbarnehage"
"Grønland Familiebarnehage", "Grønland familiebarnehage"
"Grønland Åpen barnehage", "Grønland åpen barnehage"
"Gullfisken Familiebarnehage", "Gullfisken familiebarnehage"
"Gullklumpen Familiebarnehage", "Gullklumpen familiebarnehage"
"Gullungene Familiebarnehage Avd Lille My", "Gullungene familiebarnehage avd. Lille My"
"Gullungene Familiebarnehage Avd Bestumveien", "Gullungene familiebarnehage avd. Bestumveien"
"Gulspurven Familebarnehage", "Gulspurven familebarnehage"
"Hakkebakkeskogen Familiebarnehage Avd Kirkesvingen", "Hakkebakkeskogen familiebarnehage avd. kirkesvingen"
"Hakkebakkeskogen Familiebarnehage Avd Koldrupsvei", "Hakkebakkeskogen familiebarnehage avd. Koldrupsvei"
"Hakkebakkeskogen Familiebarnehage Avd Vækerøveien", "Hakkebakkeskogen familiebarnehage avd. Vækerøveien"
"Hakkebakkeskogen Familiebarnehage Avd Tåsenveien", "Hakkebakkeskogen familiebarnehage avd. Tåsenveien"
"Hakkebakkeskogen Familiebarnehage Avd Jotunveien", "Hakkebakkeskogen familiebarnehage avd. Jotunveien"
"Hakkebakkeskogen Familiebarnehage Avd Dr Rustadsvei", "Hakkebakkeskogen familiebarnehage avd. Dr Rustadsvei"
"Hakkebakkeskogen Familiebarnehage Avd Ullernveien", "Hakkebakkeskogen familiebarnehage avd. Ullernveien"
"Hakkebakkeskogen Familiebarnehage Avd Fyrstikkbakken", "Hakkebakkeskogen familiebarnehage avd. Fyrstikkbakken"
"Hakkebakkeskogen Familiebarnehage Avd Kastanjeveien", "Hakkebakkeskogen familiebarnehage avd. Kastanjeveien"
"Hakkebakkeskogen Familiebarnehage Avd Drivhusveien", "Hakkebakkeskogen familiebarnehage avd. Drivhusveien"
"Hakkebakkeskogen Familiebarnehage Avd Bergtunveien", "Hakkebakkeskogen familiebarnehage avd. Bergtunveien"
"Hakkebakkeskogen Familiebarnehage Avd Daniel Walstadsvei", "Hakkebakkeskogen familiebarnehage avd. Daniel Walstadsvei"
"Hakkebakkeskogen Familiebarnehage Avd Biskop Heuchsvei", "Hakkebakkeskogen familiebarnehage avd. Biskop Heuchsvei"
"Hakkebakkeskogen Familiebarnehage Avd Gullkroken", "Hakkebakkeskogen familiebarnehage avd. Gullkroken"
"Hallagerstua barnehage Sa", "Hallagerstua barnehage"
"Hansemyra Friluftsbarnehage Sa", "Hansemyra friluftsbarnehage"
"Hasselkroken Kanvas-Barnehage", "Hasselkroken Kanvas-barnehage"
"Haugenstua Skoles barnehage B/a", "Haugenstua skoles barnehage B/a"
"Haugenstua Torg - Åpen barnehage", "Haugenstua Torg - åpen barnehage"
"Haugerud Skoles barnehage", "Haugerud skoles barnehage"
"Havnabakken barnehage Sa", "Havnabakken barnehage"
"Hellerudtoppen barnehage Sa", "Hellerudtoppen barnehage"
"Herslebs Familiebarnehage", "Herslebs familiebarnehage"
"Hestehagen Familiebarnehage", "Hestehagen familiebarnehage"
"Hoff Terrasse barnehage Sa", "Hoff terrasse barnehage"
"Holmen Kanvas-Barnehage", "Holmen Kanvas-barnehage"
"Holmsåsen Fus barnehage AS", "Holmsåsen FUS barnehage"
"Hompetitten Kanvas-Barnehage", "Hompetitten Kanvas-barnehage"
"Hubroveien Korttidsbarnehage", "Hubroveien korttidsbarnehage"
"Huken Naturbarnehage", "Huken naturbarnehage"
"Humlen Montessori barnehage AS", "Humlen Montessori barnehage"
"Hundremeterskogen Private Familie- barnehage - Ole Brum Lisbeth Wiig", "Hundremeterskogen private familie- barnehage - Ole Brum Lisbeth Wiig"
"Hvitveisen barnehage AS", "Hvitveisen barnehage"
"Internasjonal Kultur barnehage Enebakkveien", "Internasjonal kultur barnehage Enebakkveien"
"Internasjonal Kultur barnehage Ikb Åkeberg", "Internasjonal kultur barnehage Åkeberg"
"Its Solbarnehager AS", "Its solbarnehager"
"Jeppes Familiebarnehage", "Jeppes familiebarnehage"
"Jeriko Private Friluftsbarnehage AS", "Jeriko private friluftsbarnehage"
"Jutul Kanvas-Barnehage", "Jutul Kanvas-barnehage"
"Kampen Kunstbarnehage Avd Norderhovgata", "Kampen kunstbarnehage avd. Norderhovgata"
"Kampen Kunstbarnehage Avd Sons Gate", "Kampen kunstbarnehage avd. Sons Gate"
"Kardemomme barnehage Sa", "Kardemomme barnehage"
"Karlsrud Familiebarnehage", "Karlsrud familiebarnehage"
"Karlsrud Åpen barnehage", "Karlsrud åpen barnehage"
"Kastellterrassen Kanvas-Barnehage", "Kastellterrassen Kanvas-barnehage"
"Kidsa Drift AS", "Kidsa Drift"
"Klatremus Familiebarnehage", "Klatremus familiebarnehage"
"Knærten Familiebarnehage Avd 2", "Knærten familiebarnehage avd. 2"
"Knærten Familiebarnehage", "Knærten familiebarnehage"
"Knøttene Familiebarnehage-Bydel Alna AS", "Knøttene familiebarnehage-bydel Alna"
"Kolåsbakken barnehage Sa", "Kolåsbakken barnehage"
"Kongla Familiebarnehage", "Kongla familiebarnehage"
"Kongsveien barnehage AS", "Kongsveien barnehage"
"Kragskogen barnehage Sa", "Kragskogen barnehage"
"Kringkollen Familiebarnehage", "Kringkollen familiebarnehage"
"Kulturbarnehagen AS", "Kulturbarnehagen"
"Kulturparken Fus barnehage AS", "Kulturparken FUS barnehage"
"Kværnerbyen Fus barnehage AS", "Kværnerbyen FUS barnehage"
"Langbølgen barnehage AS", "Langbølgen barnehage"
"Leker'N Åpen Kultur barnehage", "Leker'n åpen kultur barnehage"
"Lille Persille Familiebarnehage AS", "Lille Persille familiebarnehage"
"Lille Venn Familiebarnehage", "Lille Venn familiebarnehage"
"Lillohagen Fus barnehage AS", "Lillohagen FUS barnehage"
"Lina Familiebarnehage", "Lina familiebarnehage"
"Lindebergstua Kanvas-Barnehage", "Lindebergstua Kanvas-barnehage"
"Lindekroken Kanvas-Barnehage", "Lindekroken Kanvas-barnehage"
"Linderud Gård barnehage", "Linderud gård barnehage"
"Ljan Kirkes barnehage", "Ljan kirkes barnehage"
"Lopperud Barnehage, Paviljongen", "Lopperud barnehage, Paviljongen"
"Lukas Familiebarnehage", "Lukas familiebarnehage"
"Lykketrollet Familiebarnehage Avd Stordamveien", "Lykketrollet familiebarnehage avd. Stordamveien"
"Lykketrollet Familiebarnehage Avd Vogtsgate 32a", "Lykketrollet familiebarnehage avd. Vogtsgate 32a"
"Lykketrollet Familiebarnehage Avd Vogtsgate 32b", "Lykketrollet familiebarnehage avd. Vogtsgate 32b"
"Lykketrollet Familiebarnehage Avd Bentsegata", "Lykketrollet familiebarnehage avd. Bentsegata"
"Lykketrollet Familiebarnehage Avd Vogtsgate 32c", "Lykketrollet familiebarnehage avd. Vogtsgate 32c"
"Lykketrollet Familiebarnehage Avd Eltonveien", "Lykketrollet familiebarnehage avd. Eltonveien"
"Lykketrollet Familiebarnehage Avd Anna Rogstadsvei", "Lykketrollet familiebarnehage avd. Anna Rogstadsvei"
"Lykketrollet Familiebarnehage Avd Dalbakkveien 10b", "Lykketrollet familiebarnehage avd. Dalbakkveien 10b"
"Lykketrollet Familiebarnehage Avd Sverdrupsgate", "Lykketrollet familiebarnehage avd. Sverdrupsgate"
"Lykketrollet Familiebarnehage Avd Frydensgate", "Lykketrollet familiebarnehage avd. Frydensgate"
"Lykketrollet Familiebarnehage Avd Åkerøveien", "Lykketrollet familiebarnehage avd. Åkerøveien"
"Lykketrollet Familiebarnehage Avd Ulsrudveien", "Lykketrollet familiebarnehage avd. Ulsrudveien"
"Lykketrollet Familiebarnehage Avd Dalbakkveien 14", "Lykketrollet familiebarnehage avd. Dalbakkveien 14"
"Lykketrollet Familiebarnehage Avd Bogerudveien 25", "Lykketrollet familiebarnehage avd. Bogerudveien 25"
"Lykketrollet Familiebarnehage Avd Krokliveien", "Lykketrollet familiebarnehage avd. Krokliveien"
"Lykketrollet Familiebarnehage Avd Bogerudveien", "Lykketrollet familiebarnehage avd. Bogerudveien"
"Lykketrollet Familiebarnehage Avd Kildeveien", "Lykketrollet familiebarnehage avd. Kildeveien"
"Lykketrollet Familiebarnehage Avd Saturnveien", "Lykketrollet familiebarnehage avd. Saturnveien"
"Læringsverkstedet barnehage Avd Waldemars", "Læringsverkstedet barnehage avd. Waldemars"
"Læringsverkstedet barnehage Avd Konfektfabrikken", "Læringsverkstedet barnehage avd. Konfektfabrikken"
"Læringsverkstedet barnehage Avd Bjerke Panorama", "Læringsverkstedet barnehage avd. Bjerke Panorama"
"Læringsverkstedet barnehage Avd Mortensrud", "Læringsverkstedet barnehage avd. Mortensrud"
"Læringsverkstedet barnehage Avd Vestskrenten Idrettsbarnehage", "Læringsverkstedet barnehage avd. Vestskrenten idrettsbarnehage"
"Læringsverkstedet barnehage Avd Bryn barnehage", "Læringsverkstedet barnehage avd. Bryn barnehage"
"Læringsverkstedet barnehage Avd Haugerudhagan", "Læringsverkstedet barnehage avd. Haugerudhagan"
"Læringsverkstedet barnehage Avd Årvollveien", "Læringsverkstedet barnehage avd. Årvollveien"
"Læringsverkstedet barnehage Avd Hauketo", "Læringsverkstedet barnehage avd. Hauketo"
"Læringsverkstedet barnehage Avd Langaard barnehage", "Læringsverkstedet barnehage avd. Langaard barnehage"
"Læringsverkstedet barnehage Avd Grefsen Terrasse", "Læringsverkstedet barnehage avd. Grefsen terrasse"
"Læringsverkstedet Sørengkaia AS", "Læringsverkstedet Sørengkaia"
"Lønnebakken Kanvas-Barnehage", "Lønnebakken Kanvas-barnehage"
"Låvesvalen Familiebarnehage", "Låvesvalen familiebarnehage"
"M28 barnehage AS", "M28 barnehage"
"Mariannes Hus Familiebarnehage", "Mariannes Hus familiebarnehage"
"Maridalen barnehage Sa", "Maridalen barnehage"
"Marienlyst Gård barnehage", "Marienlyst gård barnehage"
"Marihøna Familiebarnehage", "Marihøna familiebarnehage"
"Maurtua Familiebarnehage", "Maurtua familiebarnehage"
"Maurtua Private Familiebarnehage AS Avd Beverveien", "Maurtua private familiebarnehage avd. Beverveien"
"Maurtua Private Familiebarnehage AS Avd Rabbeveien", "Maurtua private familiebarnehage avd. Rabbeveien"
"Maurtua Private Familiebarnehage AS Avd Nordalveien", "Maurtua private familiebarnehage avd. Nordalveien"
"Merkur Familiebarnehage", "Merkur familiebarnehage"
"Midtstuen Kanvas-Barnehage", "Midtstuen Kanvas-barnehage"
"Monoliten Familiebarnehage", "Monoliten familiebarnehage"
"Montessori Giraffen Familie barnehage", "Montessori Giraffen familie barnehage"
"Montessori Småvenner Familiebarnehage", "Montessori Småvenner familiebarnehage"
"Munkebekken Idrettsbarnehage AS", "Munkebekken idrettsbarnehage"
"Munkerud Miljøbarnehage", "Munkerud miljøbarnehage"
"Myrer Kanvas-Barnehage", "Myrer Kanvas-barnehage"
"Mølleplassen Kanvas-Barnehage", "Mølleplassen Kanvas-barnehage"
"Mølleplassen Spesialbarnehage", "Mølleplassen spesialbarnehage"
"Nedre Fossum Gård barnehage", "Nedre Fossum gård barnehage"
"Nedre Fossum Gård Åpen barnehage", "Nedre Fossum gård åpen barnehage"
"Nemo Familiebarnehage Filiz GÖcücü Avd Rødtvedt", "Nemo familiebarnehage Filiz Göcücü avd. Rødtvedt"
"Nonneseter Kloster Idrettsbarnehage AS", "Nonneseter Kloster idrettsbarnehage"
"Nordberg Menighets barnehage", "Nordberg menighets barnehage"
"Nordpolen Fus barnehage AS Avd Sandakerveien", "Nordpolen FUS barnehage avd. Sandakerveien"
"Nordpolen Fus barnehage AS Avd Idun", "Nordpolen FUS barnehage avd. Idun"
"Nordre Skøyen barnehage Sa", "Nordre Skøyen barnehage"
"Nordre Åsen Kanvas-Barnehage", "Nordre Åsen Kanvas-barnehage"
"Nordseterknausen barnehage Sa", "Nordseterknausen barnehage"
"Nordstrand Kirkes barnehage", "Nordstrand kirkes barnehage"
"Nordtvet Gård barnehage AS", "Nordtvet gård barnehage"
"Norlandia Onkel Tomms Hytte Frilufts- og Idrettsbarnehage AS", "Norlandia Onkel Tomms Hytte Frilufts- og idrettsbarnehage"
"Norlandia Voksenkollen Fritidsbarnehage", "Norlandia Voksenkollen fritidsbarnehage"
"Nrk Barnehagen Oslo Sa", "Nrk barnehagen Oslo"
"Nydalen barnehage Sa", "Nydalen barnehage"
"Nøtteliten Familiebarnehage", "Nøtteliten familiebarnehage"
"Oikindergarten V/ Chudinova", "Oikindergarten  Chudinova"
"Ole Brumm barnehage AS", "Ole Brumm barnehage"
"Papaya Kanvas-Barnehage", "Papaya Kanvas-barnehage"
"Pioneer Public Properties V AS", "Pioneer Public Properties V"
"Plutti Plott Familiebarnehage", "Plutti Plott familiebarnehage"
"Preståsen Kanvas-Barnehage", "Preståsen Kanvas-barnehage"
"Rektorhaugen Kanvas-Barnehage", "Rektorhaugen Kanvas-barnehage"
"Revehiet Familiebarnehage V/nils Erik Brodin", "Revehiet familiebarnehage Nils Erik Brodin"
"Ringnes Park Fus barnehage AS", "Ringnes Park FUS barnehage"
"Rishaven Menighetsbarnehage", "Rishaven menighetsbarnehage"
"Risløkka Familiebarnehage", "Risløkka familiebarnehage"
"Rommibakken Familiebarnehage", "Rommibakken familiebarnehage"
"Rudshøgda Kanvas-Naturbarnehage", "Rudshøgda Kanvas-naturbarnehage"
"Rugekassen AS Avd Oslo", "Rugekassen avd. Oslo"
"Ruseløkka barnehage AS", "Ruseløkka barnehage"
"Rustad Gård barnehage", "Rustad gård barnehage"
"Rustadsaga barnehage Sa", "Rustadsaga barnehage"
"Røa Menighets barnehage", "Røa menighets barnehage"
"Røahagan Familiebarnehage", "Røahagan familiebarnehage"
"Rødberget Naturbarnehage", "Rødberget naturbarnehage"
"Rønningen Kanvas-Barnehage", "Rønningen Kanvas-barnehage"
"S.K. Lundmarks Familiebarnehage", "S.k. Lundmarks familiebarnehage"
"Sagene Familiebarnehage Miriam Akhsay", "Sagene familiebarnehage Miriam Akhsay"
"Samholderen i AS", "Samholderen i"
"Saturn Familiebarnehager", "Saturn familiebarnehager"
"Scala Private barnehage Sa", "Scala private barnehage"
"Schafteløkken Menighets barnehage", "Schafteløkken menighets barnehage"
"Seksjon Barnehager", "Seksjon barnehager"
"Sigurdsgate Familiebarnehage AS", "Sigurdsgate familiebarnehage"
"Sinsen Fus barnehage AS", "Sinsen FUS barnehage"
"Sinsen Kirkes barnehage", "Sinsen kirkes barnehage"
"Sjøutsikten Familiebarnehage Hernandez-Lillebekk", "Sjøutsikten familiebarnehage Hernandez-lillebekk"
"Skauen barnehage Sa", "Skauen barnehage"
"Skogbrynet Kanvas-Barnehage", "Skogbrynet Kanvas-barnehage"
"Skogkanten barnehage AS", "Skogkanten barnehage"
"Skovheim Kanvas-Barnehage", "Skovheim Kanvas-barnehage"
"Skredder'N barnehage", "Skredder'n barnehage"
"Skrellinga Kanvas-Barnehage", "Skrellinga Kanvas-barnehage"
"Skytterbanen Fus barnehage AS", "Skytterbanen FUS barnehage"
"Skøyen Terrasse barnehage", "Skøyen terrasse barnehage"
"Skøyenåsen Fus barnehage AS", "Skøyenåsen FUS barnehage"
"Slime Gård barnehage", "Slime gård barnehage"
"Smedbakken Fus barnehage AS", "Smedbakken FUS barnehage"
"Smedstua Gård barnehage", "Smedstua gård barnehage"
"Småen Familiebarnehage", "Småen familiebarnehage"
"Snippen Fus barnehage", "Snippen FUS barnehage"
"Solbakken barnehage Sa", "Solbakken barnehage"
"Solemskogen Naturbarnehage Sa", "Solemskogen naturbarnehage"
"Sollerud barnehage Sa", "Sollerud barnehage"
"Solrosen Steinerbarnehage AS", "Solrosen Steinerbarnehage"
"Soria Moria Kanvas-Barnehage", "Soria Moria Kanvas-barnehage"
"Spretten Familiebarnehage", "Spretten familiebarnehage"
"Stallen barnehage Sa", "Stallen barnehage"
"Starveien barnehage Sa", "Starveien barnehage"
"Steinbråten Naturbarnehage", "Steinbråten naturbarnehage"
"Stendi Park AS", "Stendi Park"
"Stiftelsen Ljabru Gård Steinerbarnehage", "Stiftelsen Ljabru gård Steinerbarnehage"
"Stiftelsen Nvh-Barnehagen", "Stiftelsen Nvh-barnehagen"
"Stjerneblokkveien Private barnehage AS", "Stjerneblokkveien private barnehage"
"Store Ljan barnehage Sa", "Store Ljan barnehage"
"Studentsamskipnaden i Oslo og Akershus Avd 406 Studentenes Småbarnstue", "Studentsamskipnaden i Oslo og Akershus avd. 406 Studentenes Småbarnstue"
"Studentsamskipnaden i Oslo og Akershus Avd 401 Sogn barnehage", "Studentsamskipnaden i Oslo og Akershus avd. 401 Sogn barnehage"
"Studentsamskipnaden i Oslo og Akershus Avd 402 Eilert Sundts barnehage", "Studentsamskipnaden i Oslo og Akershus avd. 402 Eilert Sundts barnehage"
"Studentsamskipnaden i Oslo og Akershus Avd 403 Bamsebo barnehage", "Studentsamskipnaden i Oslo og Akershus avd. 403 Bamsebo barnehage"
"Studentsamskipnaden i Oslo og Akershus Avd 405 Skogly barnehage", "Studentsamskipnaden i Oslo og Akershus avd. 405 Skogly barnehage"
"Studentsamskipnaden i Oslo og Akershus Avd 407 Vestre Sogn barnehage", "Studentsamskipnaden i Oslo og Akershus avd. 407 Vestre Sogn barnehage"
"Studentsamskipnaden i Oslo og Akershus Avd 409 Frydenhaug barnehage", "Studentsamskipnaden i Oslo og Akershus avd. 409 Frydenhaug barnehage"
"Studentsamskipnaden i Oslo og Akershus Avd 412 Klossen barnehage", "Studentsamskipnaden i Oslo og Akershus avd. 412 Klossen barnehage"
"Studentsamskipnaden i Oslo og Akershus Lille Bislet Studentbarnehage", "Studentsamskipnaden i Oslo og Akershus Lille Bislet studentbarnehage"
"Studentsamskipnaden i Oslo og Akershus Avd 408 Almelia barnehage", "Studentsamskipnaden i Oslo og Akershus avd. 408 Almelia barnehage"
"Studentsamskipnaden i Oslo og Akershus Bisletbekken Studentbarnehage", "Studentsamskipnaden i Oslo og Akershus Bisletbekken studentbarnehage"
"Studentsamskipnaden i Oslo og Akershus Avd 403 Lille-Bamsebo barnehage", "Studentsamskipnaden i Oslo og Akershus avd. 403 Lille-bamsebo barnehage"
"Svartdalsparken Kanvas-Barnehage", "Svartdalsparken Kanvas-barnehage"
"Svenstuen Barnehave", "Svenstuen barnehave"
"Symrahagen Familiebarnehage", "Symrahagen familiebarnehage"
"Søndre Dal Gård barnehage", "Søndre Dal gård barnehage"
"Sørburøy Familiebarnehage", "Sørburøy familiebarnehage"
"Teisen Gård barnehage", "Teisen gård barnehage"
"Tennisveien Familiebarnehage", "Tennisveien familiebarnehage"
"Tigergutt Familiebarnehage", "Tigergutt familiebarnehage"
"Tingeliten Kanvas-Barnehage", "Tingeliten Kanvas-barnehage"
"Tinkern Kanvas-Barnehage", "Tinkern Kanvas-barnehage"
"Tomm Murstad Friluftsbarnehage AS", "Tomm Murstad friluftsbarnehage"
"Tommlekollen Friluftsbarnehage AS", "Tommlekollen friluftsbarnehage"
"Tonsenhagen barnehage AS", "Tonsenhagen barnehage"
"Toppen Familiebarnehage Cb AS", "Toppen familiebarnehage Cb"
"Tornerose Familiebarnehage", "Tornerose familiebarnehage"
"Torshovhagen AS", "Torshovhagen"
"Treklang Montessoribarnehage", "Treklang montessoribarnehage"
"Treklossen Familiebarnehage", "Treklossen familiebarnehage"
"Trollstua Kanvas-Barnehage", "Trollstua Kanvas-barnehage"
"Trollungene Familiebarnehage AS", "Trollungene familiebarnehage"
"Trosteredet barnehage Sa", "Trosteredet barnehage"
"Trudes Familiebarnehage Trude Gulbrandsen", "Trudes familiebarnehage Trude Gulbrandsen"
"Turi Sletners Barnehave AS", "Turi Sletners barnehave"
"Tusindhuus barnehage Avd Munkedamsveien Naturbarnehage", "Tusindhuus barnehage avd. Munkedamsveien naturbarnehage"
"Tørtberg Kanvas-Barnehage", "Tørtberg Kanvas-barnehage"
"Tåsen Skoles barnehage Sa", "Tåsen skoles barnehage"
"Ullern Menighetsbarnehage Holgerslyst", "Ullern menighetsbarnehage Holgerslyst"
"Ulvestua barnehage Sa", "Ulvestua barnehage"
"Ulvøya barnehage AS", "Ulvøya barnehage"
"Valle Hovin Idrettsbarnehage", "Valle Hovin idrettsbarnehage"
"Vannvokterboligen Avd barnehage", "Vannvokterboligen avd. barnehage"
"Vassenga Fus barnehage AS", "Vassenga FUS barnehage"
"Veksthusfløtten Familiebarnehage", "Veksthusfløtten familiebarnehage"
"Venkes Familiebarnehage Venke Anita Fredstad", "Venkes familiebarnehage Venke Anita Fredstad"
"Veslefrikk - Musikk Da", "Veslefrikk - musikk"
"Veslefrikk Kanvas-Barnehage", "Veslefrikk Kanvas-barnehage"
"Veslehaugen Familiebarnehage B. Bjorskau", "Veslehaugen familiebarnehage B. Bjorskau"
"Vestliskaret Fus barnehage AS", "Vestliskaret FUS barnehage"
"Vestre Aker Menighet barnehage", "Vestre Aker menighet barnehage"
"Villa Utsikten Frilufts- og Idrettsbarnehage AS", "Villa Utsikten Frilufts- og idrettsbarnehage"
"Vækerø Gård barnehage", "Vækerø gård barnehage"
"Økernveien Familiebarnehage", "Økernveien familiebarnehage"
"Øraker barnehage AS", "Øraker barnehage"
"Østensjø Kanvas-Barnehage", "Østensjø Kanvas-barnehage"
"Østensjøstua barnehage Sa", "Østensjøstua barnehage"
"Østmarka Idrettsbarnehage AS", "Østmarka idrettsbarnehage"
"Åpen Barnehage, Bjerke Familiesenter", "Åpen barnehage, Bjerke familiesenter"
"Årvollskogen barnehage AS", "Årvollskogen barnehage"
"Ås Familiebarnehage Linda M Olsen", "Ås familiebarnehage Linda M Olsen"
"Sarah Økologiske Familiebarnehage Rukiye Tug", "Sarah Økologiske familiebarnehage Rukiye Tug"
"Torsbergskogen barnehage AS", "Torsbergskogen barnehage"
"Åsly Barnehage Sa", "Åsly barnehage"
"Santa Monica Familiebarnehage", "Santa Monica familiebarnehage"
"Bergstugu Familie Barnehage", "Bergstugu familie barnehage"
"Aktiv Åpen barnehage AS", "Aktiv åpen barnehage"
"Andungen barnehage Trondheim Sa", "Andungen barnehage Trondheim"
"Bambi Familiebarnehage Didovic", "Bambi familiebarnehage Didovic"
"Bamsehiet Familiebarnehage Da", "Bamsehiet familiebarnehage"
"Bamsehiet Familiebarnehage V/ Tove Thorolvsen", "Bamsehiet familiebarnehage  Tove Thorolvsen"
"Bekken Familiebarnehage AS", "Bekken familiebarnehage"
"Berg Familiebarnehage Ruth Rødsjø Lein", "Berg familiebarnehage Ruth Rødsjø Lein"
"Bergheim barnehage Sa", "Bergheim barnehage"
"Birralee International Kindergarten Trondheim AS", "Birralee International Kindergarten Trondheim"
"Bjørnebyen Familiebarnehage Ans", "Bjørnebyen familiebarnehage"
"Bratsberg Fus Kulturbarnehage AS", "Bratsberg FUS kulturbarnehage"
"Breidablikk Åpen barnehage", "Breidablikk åpen barnehage"
"Brudalstunet Familiebarnehage", "Brudalstunet familiebarnehage"
"Brundalen Barnehager", "Brundalen barnehager"
"Byåsen Kirkes barnehage", "Byåsen kirkes barnehage"
"Byåsen Tospråklige barnehage AS Avd Nils Stavnes Veg", "Byåsen Tospråklige barnehage avd. Nils Stavnes Veg"
"Byåsen Tospråklige barnehage AS Avd Kaptein Roosens Vei", "Byåsen Tospråklige barnehage avd. Kaptein Roosens Vei"
"Duttestien barnehage AS", "Duttestien barnehage"
"Duttestien Familiebarnehage AS", "Duttestien familiebarnehage"
"Einmoen Familiebarnehage Birgitte Nielsen", "Einmoen familiebarnehage Birgitte Nielsen"
"Elgeseter Barnehager", "Elgeseter barnehager"
"Elsterparken Familiebarnehage Lin Karin Stornes", "Elsterparken familiebarnehage Lin Karin Stornes"
"Espira Kystad Gård barnehage", "Espira Kystad gård barnehage"
"Flatåsen Barnehager", "Flatåsen barnehager"
"Fosseskansen barnehage AS", "Fosseskansen barnehage"
"Fykenborg barnehage Sa", "Fykenborg barnehage"
"Fykenveien Familiebarnehage", "Fykenveien familiebarnehage"
"Gnist Barnehager Tiller AS", "Gnist barnehager Tiller"
"Gnist Barnehager Trøa AS", "Gnist barnehager Trøa"
"Granåslia barnehage AS", "Granåslia barnehage"
"Grilstad Fus barnehage AS", "Grilstad FUS barnehage"
"Grisungen Familiebarnehage Stølen", "Grisungen familiebarnehage Stølen"
"Gråtrostvegen Familiebarnehage Hilde Hoff", "Gråtrostvegen familiebarnehage Hilde Hoff"
"Guldbrandsvegen Familiebarnehage", "Guldbrandsvegen familiebarnehage"
"Hagebyen Private barnehage Sa", "Hagebyen private barnehage"
"Hallsetreina Fus barnehage", "Hallsetreina FUS barnehage"
"Hammersborg Familiebarnehage", "Hammersborg familiebarnehage"
"Haugnessvingen Familiebarnehage Beate Aakerholm", "Haugnessvingen familiebarnehage Beate Aakerholm"
"Haukvatnet Friluftsbarnehager", "Haukvatnet friluftsbarnehager"
"Heimdal Familiebarnehage Monica Svestad Kvamstad", "Heimdal familiebarnehage Monica Svestad Kvamstad"
"Hila Drift AS", "Hila Drift"
"Hitraveien Familiebarnehage", "Hitraveien familiebarnehage"
"Hoeggen Åpen barnehage", "Hoeggen åpen barnehage"
"Horneberg Fus barnehage AS", "Horneberg FUS barnehage"
"Hundremeterskogen Bhg Sa", "Hundremeterskogenbarnehagesa"
"Husebygrenda Familiebarneh Ysland", "Husebygrenda familiebarneh Ysland"
"Jakobsgrenda barnehage Sa", "Jakobsgrenda barnehage"
"Jakobsli Familiebarnehage Sissel Grøthe", "Jakobsli familiebarnehage Sissel Grøthe"
"Jonettaplassen Gårdsbarnehage AS", "Jonettaplassen gårdsbarnehage"
"Julius barnehage AS", "Julius barnehage"
"Kattemskogen barnehage AS", "Kattemskogen barnehage"
"Klæbu barnehage AS", "Klæbu barnehage"
"Knærten Fus Friluftsbarnehage AS", "Knærten FUS friluftsbarnehage"
"Knøttene Familiebarnehage Kristin Strøm", "Knøttene familiebarnehage Kristin Strøm"
"Kolstad barnehage Avd Møller", "Kolstad barnehage avd. Møller"
"Kongletoppen Familiebarnehage AS", "Kongletoppen familiebarnehage"
"Kystadhaugen Familiebarnehage", "Kystadhaugen familiebarnehage"
"Kyvatnet Naturbarnehage", "Kyvatnet naturbarnehage"
"Ladehammeren Familiebarnehage Tone Thronæs", "Ladehammeren familiebarnehage Tone Thronæs"
"Ladestien Barnehager", "Ladestien barnehager"
"Leangen Kulturbarnehage Sa", "Leangen kulturbarnehage"
"Leirfossen Familiebarnehage Unni Therese Nenne Iversen", "Leirfossen familiebarnehage Unni Therese Nenne Iversen"
"Lekeplassen Familiebarnehage", "Lekeplassen familiebarnehage"
"Lian Naturbarnehage", "Lian naturbarnehage"
"Lunderhaugen barnehage AS", "Lunderhaugen barnehage"
"Lundåsen barnehage AS", "Lundåsen barnehage"
"Lykkmarka Familiebarnehage Anita Berge", "Lykkmarka familiebarnehage Anita Berge"
"Læringsverkstedet barnehage Avd Buenget", "Læringsverkstedet barnehage avd. Buenget"
"Læringsverkstedet barnehage Avd Vårres", "Læringsverkstedet barnehage avd. Vårres"
"Læringsverkstedet barnehage Avd Hammersborg barnehage", "Læringsverkstedet barnehage avd. Hammersborg barnehage"
"Læringsverkstedet barnehage Avd Humlehaugen", "Læringsverkstedet barnehage avd. Humlehaugen"
"Læringsverkstedet barnehage Avd Dalgårdtunet barnehage", "Læringsverkstedet barnehage avd. Dalgårdtunet barnehage"
"Løkka Familiebarnehage Grete Mortensen", "Løkka familiebarnehage Grete Mortensen"
"Marihøna Familiebarnehage", "Marihøna familiebarnehage"
"Mellomila Familiebarnehage og Progressiv Institutt AS", "Mellomila familiebarnehage og Progressiv Institutt"
"Montessoribarnehagene Trondheim AS", "Montessoribarnehagene Trondheim"
"Motbakken barnehage Sa", "Motbakken barnehage"
"Nlm Barnehagene AS Avd Spiren barnehage", "NLM barnehagene avd. Spiren barnehage"
"Nydammen Familiebarnehage", "Nydammen familiebarnehage"
"Perslia Familiebarnehage", "Perslia familiebarnehage"
"Persstua Familiebarnehage AS", "Persstua familiebarnehage"
"Presthus Gård barnehage", "Presthus gård barnehage"
"Ravnkloa Åpen barnehage", "Ravnkloa åpen barnehage"
"Ringvålskogen barnehage Sa", "Ringvålskogen barnehage"
"Rosenborg Barnehageforening", "Rosenborg barnehageforening"
"Rypeveien Familiebarnehage Hovdahl", "Rypeveien familiebarnehage Hovdahl"
"Saupstadringen Barnehager", "Saupstadringen barnehager"
"Saxenborg barnehage Sa", "Saxenborg barnehage"
"Sentrum Barnehager", "Sentrum barnehager"
"Sjetnemarka Familiebarnehage Merethe Olsen", "Sjetnemarka familiebarnehage Merethe Olsen"
"Sjøskogbekken Fus barnehage AS", "Sjøskogbekken FUS barnehage"
"Skogstua Private Bhg AS", "Skogstua privatebarnehageas"
"Skuta barnehage Sa", "Skuta barnehage"
"Sletten barnehage Avdeling Rydland", "Sletten barnehage avd. Rydland"
"Snillet Gård Friluftsbarnehage AS", "Snillet gård friluftsbarnehage"
"Solplassen Familiebarnehage Cecilie Johansen", "Solplassen familiebarnehage Cecilie Johansen"
"Solstrålen Familiebarnehage Ann Kristin Olderskog", "Solstrålen familiebarnehage Ann Kristin Olderskog"
"Soltun Familiebarnehage", "Soltun familiebarnehage"
"Solvangen barnehage Sa", "Solvangen barnehage"
"Sommerfuglen Steinerbarnehage AS", "Sommerfuglen Steinerbarnehage"
"Stabbursmoen Familiebarnehage Da", "Stabbursmoen familiebarnehage"
"Stavsetmyra barnehage Sa", "Stavsetmyra barnehage"
"Steinberget Familiebarnehage", "Steinberget familiebarnehage"
"Stiftelsen Kirkens Bymisjon i Trondheim", "Stiftelsen kirkens Bymisjon i Trondheim"
"Stiftelsen Steinerbarnehagen i Ila", "Stiftelsen steinerbarnehagen i Ila"
"Stiftelsen Steinerbarnehagen Rotnissen", "Stiftelsen steinerbarnehagen Rotnissen"
"Stokkbekken barnehage AS", "Stokkbekken barnehage"
"Stubban Familiebarnehage Marit Gjelvold", "Stubban familiebarnehage Marit Gjelvold"
"Svalevegen Familiebarnehage Marit Dahl", "Svalevegen familiebarnehage Marit Dahl"
"Svartlamon Kunst- og Kulturbarnehage", "Svartlamon Kunst- og kulturbarnehage"
"Sverrestunet Åpen barnehage", "Sverrestunet åpen barnehage"
"Sørbruveien Familiebarnehage Tove Bjerke", "Sørbruveien familiebarnehage Tove Bjerke"
"Tempe barnehage Sa", "Tempe barnehage"
"Thyra Barnehager", "Thyra barnehager"
"Tiller Åpen barnehage", "Tiller åpen barnehage"
"Tillertoppen Familiebarnehage Trude Elisabeth Kvam", "Tillertoppen familiebarnehage Trude Elisabeth Kvam"
"Toppen Familiebarnehage AS", "Toppen familiebarnehage"
"Trøa Eberg barnehage AS", "Trøa Eberg barnehage"
"Tusseskogen Familiebarnehage", "Tusseskogen familiebarnehage"
"Tussestua Familiebarnehage AS", "Tussestua familiebarnehage"
"Uglahuset Familiebarnehage", "Uglahuset familiebarnehage"
"Valentinlyst Familiebarnehage Britt Randi Bjøntegaard", "Valentinlyst familiebarnehage Britt Randi Bjøntegaard"
"Varmbo Familiebarnehage", "Varmbo familiebarnehage"
"Vennegjengen Familiebarnehage", "Vennegjengen familiebarnehage"
"Vikelva Familiebarnehage", "Vikelva familiebarnehage"
"Vikelva Familiebarnehage Line Berger", "Vikelva familiebarnehage Line Berger"
"Vikåsen Familiebarnehage AS", "Vikåsen familiebarnehage"
"Vindheim Familiebarnehage Rita Soleim Lernes", "Vindheim familiebarnehage Rita Soleim Lernes"
"Voll Gårdsbarnehage AS", "Voll gårdsbarnehage"
"Øvre Flatåsen Familiebarnehage", "Øvre Flatåsen familiebarnehage"
"Trollungen Barnehage AS", "Trollungen barnehage"
"Dyrøy oppvekstsenter Avd barnehage", "Dyrøy oppvekstsenter avd. barnehage"
"Kysthaven Åpen barnehage", "Kysthaven åpen barnehage"
"Mausund oppvekstsenter Avd barnehage", "Mausund oppvekstsenter avd. barnehage"
"Nabeita oppvekstsenter Avd barnehage", "Nabeita oppvekstsenter avd. barnehage"
"Nordskag oppvekstsenter Avd barnehage", "Nordskag oppvekstsenter avd. barnehage"
"Rabben Barnehagedrift AS", "Rabben barnehagedrift"
"Sistranda Kystbarnehage AS", "Sistranda kystbarnehage"
"Bjerkehagen Friluftsbarnehage Sa", "Bjerkehagen friluftsbarnehage"
"Fagerhaug barnehage Sa", "Fagerhaug barnehage"
"Gnist Barnehager Brennan AS", "Gnist barnehager Brennan"
"Stølen Private barnehage Sa", "Stølen private barnehage"
"Torshaug Private barnehage Sa", "Torshaug private barnehage"
"Haltdalen oppvekstsenter Avd barnehage", "Haltdalen oppvekstsenter avd. barnehage"
"Budal Oppvekstområde Avd barnehage", "Budal oppvekstområde avd. barnehage"
"Hauka Villmarksbarnehage", "Hauka villmarksbarnehage"
"Liøya barnehage Sa", "Liøya barnehage"
"Singsås Oppvekstområde Avd barnehage", "Singsås oppvekstområde avd. barnehage"
"Soknedal Menighetsbarnehage", "Soknedal menighetsbarnehage"
"Soknedal Oppvekstområde Avd barnehage", "Soknedal oppvekstområde avd. barnehage"
"Buan Familiebarnehage Karin Langland Reinsbakk", "Buan familiebarnehage Karin Langland Reinsbakk"
"Eid skole og barnehage Avd barnehage", "Eid skole og barnehage avd. barnehage"
"Elvebakken Montessoribarnehage Sa", "Elvebakken montessoribarnehage"
"Flå skole og barnehage Avd barnehage", "Flå skole og barnehage avd. barnehage"
"Gåsbakken skole og barnehage Avd barnehage", "Gåsbakken skole og barnehage avd. barnehage"
"Hovin skole og barnehage Avd barnehage", "Hovin skole og barnehage avd. barnehage"
"Humla Familiebarnehage Da", "Humla familiebarnehage"
"Kvål Montessori Familiebarnehage", "Kvål Montessori familiebarnehage"
"Lundamo skole og barnehage Avd barnehage", "Lundamo skole og barnehage avd. barnehage"
"Læringsverkstedet barnehage Avd Brekkåsen Idrettsbarnehage", "Læringsverkstedet barnehage avd. Brekkåsen idrettsbarnehage"
"Rosmælen skole og barnehage Avd barnehage", "Rosmælen skole og barnehage avd. barnehage"
"Trolltoppen Familiebarnehage Da", "Trolltoppen familiebarnehage"
"Jåren-Råbygda oppvekstsenter Avdeling barnehage", "Jåren-råbygda oppvekstsenter avd. barnehage"
"Venn oppvekstsenter Avdeling barnehage", "Venn oppvekstsenter avd. barnehage"
"Viggja oppvekstsenter Avdeling barnehage", "Viggja oppvekstsenter avd. barnehage"
"Brumm Familiebarnehage Langberg", "Brumm familiebarnehage Langberg"
"Bukkspranget Gårds- og Naturbarnehage", "Bukkspranget gårds- og naturbarnehage"
"Espira Stjørdal AS", "Espira Stjørdal"
"Eventyrskogen Familiebarnehage Hans og Grete", "Eventyrskogen familiebarnehage Hans og Grete"
"Gnist Barnehager Husbyåsen AS", "Gnist barnehager Husbyåsen"
"Gresstoppen Familiebarnehage", "Gresstoppen familiebarnehage"
"Lasseliten Familiebarnehage Siritun", "Lasseliten familiebarnehage Siritun"
"Læringsverkstedet barnehage Avd Tønsåsen Naturbarnehage", "Læringsverkstedet barnehage avd. Tønsåsen naturbarnehage"
"Læringsverkstedet barnehage Avd Geitspranget Naturbarnehage", "Læringsverkstedet barnehage avd. Geitspranget naturbarnehage"
"Læringsverkstedet barnehage Avd Solkollen Skatval", "Læringsverkstedet barnehage avd. Solkollen Skatval"
"Maurtua Bhg AS", "Maurtuabarnehageas"
"Medbroen Gårdsbarnehage", "Medbroen gårdsbarnehage"
"Nasse Nøff Familiebarnehage AS", "Nasse Nøff familiebarnehage"
"Sagatun barnehage AS", "Sagatun barnehage"
"Stjørdal Menighets barnehage", "Stjørdal menighets barnehage"
"Toppen Familiebarnehage Eiketoppen", "Toppen familiebarnehage Eiketoppen"
"Toppen Familiebarnehage Furutoppen", "Toppen familiebarnehage Furutoppen"
"Toppen Familiebarnehage Grantoppen", "Toppen familiebarnehage Grantoppen"
"Trollskogen Familiebarnehage", "Trollskogen familiebarnehage"
"Elvegården barnehage AS", "Elvegården barnehage"
"Forbregd-Lein barnehage", "Forbregd-lein barnehage"
"Lekekroken barnehage AS", "Lekekroken barnehage"
"Læringsverkstedet barnehage Avd Knøttene", "Læringsverkstedet barnehage avd. Knøttene"
"Læringsverkstedet barnehage Avd Havfrua", "Læringsverkstedet barnehage avd. Havfrua"
"Melakollen barnehage Sa", "Melakollen barnehage"
"Stiklestad Gård- og Friluftsbarnehage AS", "Stiklestad gård- og friluftsbarnehage"
"Lillemarka Familiebarnehage", "Lillemarka familiebarnehage"
"Snåsa barnehage Avd Breide", "Snåsa barnehage avd. Breide"
"Snåsa barnehage Avd Vinjebakken", "Snåsa barnehage avd. Vinjebakken"
"Snåsa Montessoribarnehage Sa", "Snåsa montessoribarnehage"
"Røyrvik oppvekstsenter Avdeling barnehage", "Røyrvik oppvekstsenter avd. barnehage"
"Harran oppvekstsenter Avdeling barnehage", "Harran oppvekstsenter avd. barnehage"
"Gammelstua Friluftsbarnehage Sa", "Gammelstua friluftsbarnehage"
"Eventyrskogen Naturbarnehage AS", "Eventyrskogen naturbarnehage"
"Inderøy Familiebarnehage Tina Leinan", "Inderøy familiebarnehage Tina Leinan"
"Kribelin barnehage AS", "Kribelin barnehage"
"Markvoll Familiebarnehage AS", "Markvoll familiebarnehage"
"Akrobaten - barnehage AS", "Akrobaten - barnehage"
"Borgly barnehage AS", "Borgly barnehage"
"Fosnaheim Naturbarnehage", "Fosnaheim naturbarnehage"
"Skaugdalen barnehage Sa", "Skaugdalen barnehage"
"Steinvegen barnehage AS", "Steinvegen barnehage"
"Tryllefløyten Musikkbarnehage AS", "Tryllefløyten musikkbarnehage"
"Tungtrø barnehage AS", "Tungtrø barnehage"
"Tuppen og Lillemor barnehage AS", "Tuppen og Lillemor barnehage"
"Årnseth Familiebarnehage", "Årnseth familiebarnehage"
"Hellemyr Åpen Barnehage", "Hellemyr åpen barnehage"
"Jegersberg Barnehage", "Jegersberg barnehage"
"Tømmerstien Familiebarnehage Sa", "Tømmerstien familiebarnehage"
"Eigerøy barnehage Sa", "Eigerøy barnehage"
"Helleland Fus barnehage AS", "Helleland FUS barnehage"
"Hestnes Fus barnehage AS", "Hestnes FUS barnehage"
"Kiellandskogen Fus barnehage", "Kiellandskogen FUS barnehage"
"Lykkeliten Foreldrelagsbarnehage", "Lykkeliten foreldrelagsbarnehage"
"Raketten barnehage Sa", "Raketten barnehage"
"Robåten Fus barnehage AS", "Robåten FUS barnehage"
"Skattekisten Kulturbarnehage AS", "Skattekisten kulturbarnehage"
"Tusenbeinet Åpen barnehage", "Tusenbeinet åpen barnehage"
"Varden barnehage Sa", "Varden barnehage"
"Villbassen Familiebarnehage", "Villbassen familiebarnehage"
"A2 Holding AS", "A2 Holding"
"Bamsebu barnehage Sa", "Bamsebu barnehage"
"Bamsefaret Åpen barnehage", "Bamsefaret åpen barnehage"
"Biå Steinerbarnehage AS Avd Storhaug", "Biå Steinerbarnehage avd. Storhaug"
"Biå Steinerbarnehage AS Avdeling Mosvangen", "Biå Steinerbarnehage avd. Mosvangen"
"Bokkaskogen-Kampen barnehage Avd Bokkaskogen", "Bokkaskogen-kampen barnehage avd. Bokkaskogen"
"Byfjordparken barnehage AS", "Byfjordparken barnehage"
"Byhaugen barnehage Sa", "Byhaugen barnehage"
"Dansehagen Åpen barnehage AS", "Dansehagen åpen barnehage"
"Bamsefaret barnehage Avd Djupmyrå", "Bamsefaret barnehage avd. Djupmyrå"
"Dragaberget barnehage Sa", "Dragaberget barnehage"
"Dusavik barnehage Sa", "Dusavik barnehage"
"Egenes Idrettsbarnehage AS", "Egenes idrettsbarnehage"
"Ytre Tasta barnehage Avdeling Eskeland", "Ytre Tasta barnehage avd. Eskeland"
"Espira Fjellsenden AS", "Espira Fjellsenden"
"Fogn oppvekstsenter Avdeling barnehage", "Fogn oppvekstsenter avd. barnehage"
"Frelsesarmeens Barnehager Avd Auglendsdalen", "Frelsesarmeens barnehager avd. Auglendsdalen"
"Frøystad barnehage Sa", "Frøystad barnehage"
"Gauselbakken barnehage Sa", "Gauselbakken barnehage"
"Tastavarden barnehage Avdeling Gullfaks", "Tastavarden barnehage avd. Gullfaks"
"Hagatoppen barnehage Avdeling Halsnøy", "Hagatoppen barnehage avd. Halsnøy"
"Hagatoppen barnehage Avdeling Hesby", "Hagatoppen barnehage avd. Hesby"
"Hakkebakkeskogen Private barnehage AS Avd Stokka", "Hakkebakkeskogen private barnehage avd. Stokka"
"Hakkebakkeskogen Private barnehage AS Avd Tjensvoll", "Hakkebakkeskogen private barnehage avd. Tjensvoll"
"Barnehagene Haugtussa Krabat og Våland Avd Haugtussa", "Barnehagene Haugtussa Krabat og Våland avd. Haugtussa"
"Heddeveien Eiendom Bhg AS", "Heddeveien eiendombarnehageas"
"Stokkatunet barnehage Avd Hertervigtunet", "Stokkatunet barnehage avd. Hertervigtunet"
"Imi Åpen barnehage", "Imi åpen barnehage"
"Imi Åpen barnehage AS", "Imi åpen barnehage"
"International School Of Stavanger Avd barnehage", "International School of Stavanger avd. barnehage"
"Bokkaskogen-Kampen barnehage Avd Kampen", "Bokkaskogen-kampen barnehage avd. Kampen"
"Kløvereng barnehage Avdeling Sunde", "Kløvereng barnehage avd. Sunde"
"Knøttene Familiebarnehage", "Knøttene familiebarnehage"
"Barnehagene Haugtussa Krabat og Våland Avd Krabat", "Barnehagene Haugtussa Krabat og Våland avd. Krabat"
"Lervig Brygge barnehage AS", "Lervig Brygge barnehage"
"Lilleputt Private Familiebarnehage Marianne Pettersen", "Lilleputt private familiebarnehage Marianne Pettersen"
"Læringsverkstedet barnehage Avd Forus", "Læringsverkstedet barnehage avd. Forus"
"Læringsverkstedet barnehage Avd Hannes Lekestue Madla", "Læringsverkstedet barnehage avd. Hannes Lekestue Madla"
"Læringsverkstedet barnehage Avd Hannes Lekestue Tjensvoll", "Læringsverkstedet barnehage avd. Hannes Lekestue Tjensvoll"
"Aubeberget barnehage Avdeling Malthaug", "Aubeberget barnehage avd. Malthaug"
"Marihøna Private Familiebarnehage", "Marihøna private familiebarnehage"
"Muldvarpen barnehage Sa", "Muldvarpen barnehage"
"Nlm Barnehagene AS Avd Fredheim barnehage", "NLM barnehagene avd. Fredheim barnehage"
"Nlm Barnehagene AS Avd Misjonsbarnehagen Lasseliten", "NLM barnehagene avd. misjonsbarnehagen Lasseliten"
"Nlm Barnehagene AS Avd Solheim barnehage", "NLM barnehagene avd. Solheim barnehage"
"Nlm Barnehagene AS Avd Utsyn barnehage Finnøy", "NLM barnehagene avd. Utsyn barnehage Finnøy"
"Finnøy kommune Ombo Oppvekstsent Avdeling barnehage", "Finnøy kommune Ombo oppvekstsent avd. barnehage"
"Qmarkå Eiendom Bhg AS", "Qmarkå eiendombarnehageas"
"Regnbuen Kanvas-Barnehage", "Regnbuen Kanvas-barnehage"
"Roaldsøy barnehage Avdeling Buøy", "Roaldsøy barnehage avd. Buøy"
"Sandal barnehage Avd. Hafrsfjord Åpen barnehage", "Sandal barnehage avd. Hafrsfjord åpen barnehage"
"Sjernarøy oppvekstsenter Avdeling barnehage", "Sjernarøy oppvekstsenter avd. barnehage"
"Skeie barnehage Avdeling Skeiehagen", "Skeie barnehage avd. Skeiehagen"
"Skeie barnehage Avdeling Torsahagen", "Skeie barnehage avd. Torsahagen"
"Aubeberget barnehage Avdeling Skredbakka", "Aubeberget barnehage avd. Skredbakka"
"Tastavarden barnehage Avdeling Smiene", "Tastavarden barnehage avd. Smiene"
"Smiodden Åpen barnehage", "Smiodden åpen barnehage"
"Kløvereng barnehage Avdeling Storhaug", "Kløvereng barnehage avd. Storhaug"
"Stavanger British Pre-School", "Stavanger British Pre-school"
"Stiftelsen Steinerbarnehagen Bukkene Bruse", "Stiftelsen steinerbarnehagen Bukkene Bruse"
"Stokka Åpen barnehage", "Stokka åpen barnehage"
"Stokka barnehage Avd Stokkadalen", "Stokka barnehage avd. Stokkadalen"
"Storhaug Åpen barnehage", "Storhaug åpen barnehage"
"Barnehagen Tjensvoll Avdeling Tjensvoll", "Barnehagen Tjensvoll avd. Tjensvoll"
"Barnehagen Tjensvoll Avdeling Tjensås", "Barnehagen Tjensvoll avd. Tjensås"
"Tommeliten barnehage Sa", "Tommeliten barnehage"
"Tordenskjold Private Familiebarneha", "Tordenskjold private familiebarneha"
"Ulsnes barnehage Sa", "Ulsnes barnehage"
"Kvaleberg barnehage Avdeling Vannassen", "Kvaleberg barnehage avd. Vannassen"
"Ytre Tasta barnehage Avdeling Vardeneset", "Ytre Tasta barnehage avd. Vardeneset"
"Vikevåg barnehage Avdeling 1", "Vikevåg barnehage avd. 1"
"Vikevåg barnehage Avdeling 2", "Vikevåg barnehage avd. 2"
"Barnehagene Haugtussa Krabat og Våland Avd Våland", "Barnehagene Haugtussa Krabat og Våland avd. Våland"
"Ørnestein Gårdsbarnehage AS", "Ørnestein gårdsbarnehage"
"Amanda barnehage Sa", "Amanda barnehage"
"Gard barnehage Sa", "Gard barnehage"
"Haugaland Idrettsbarnehage", "Haugaland idrettsbarnehage"
"Haugesund International Preschool Fus AS", "Haugesund International Preschool FUS"
"Holmegaten Familiebarnehage Ans", "Holmegaten familiebarnehage"
"Iogt Barnehagen", "Iogt barnehagen"
"Kvala barnehage AS", "Kvala barnehage"
"Kyvikdalen barnehage Sa", "Kyvikdalen barnehage"
"Li-Te AS", "Li-te"
"Lysskar barnehage Sa", "Lysskar barnehage"
"Nbu'S Bondegårdsbarnehage", "Nbu's bondegårdsbarnehage"
"Nøtteliten Familiebarnehage AS", "Nøtteliten familiebarnehage"
"Oppetveiten Fus barnehage AS", "Oppetveiten FUS barnehage"
"Presthaug Fus barnehage", "Presthaug FUS barnehage"
"Rossabø Fus Aktivitetsbarnehage AS", "Rossabø FUS aktivitetsbarnehage"
"Rufus barnehage Sa", "Rufus barnehage"
"Skåre Fus barnehage AS", "Skåre FUS barnehage"
"Små Barnehager avd Brakahaug", "Små barnehager avd. Brakahaug"
"Små Barnehager Haugesund Avd Risøy", "Små barnehager Haugesund avd. Risøy"
"Små Barnehager Sentrum AS", "Små barnehager Sentrum"
"Småbarnehager Røvær AS", "Småbarnehager Røvær"
"Steinsfjellet barnehage Sa", "Steinsfjellet barnehage"
"Udland Fus barnehage AS", "Udland FUS barnehage"
"Vassbrekke Fus Kulturbarnehage AS", "Vassbrekke FUS kulturbarnehage"
"Bø barnehage AS", "Bø barnehage"
"Frøyland Gårdsbarnehage AS", "Frøyland gårdsbarnehage"
"Øyno Fus barnehage", "Øyno FUS barnehage"
"Storafjellet Fus barnehage", "Storafjellet FUS barnehage"
"Breidablikk Kulturbarnehage", "Breidablikk kulturbarnehage"
"Nlm Barnehagene AS Avd Tryggheim barnehage Nærbø", "NLM barnehagene avd. Tryggheim barnehage Nærbø"
"Tjemslandshagen barnehage Sa", "Tjemslandshagen barnehage"
"Varhaug Idrettsbarnehage", "Varhaug idrettsbarnehage"
"Kleppestemmen Fus barnehage", "Kleppestemmen FUS barnehage"
"Markå barnehage Sa", "Markå barnehage"
"Orstad Naturbarnehage", "Orstad naturbarnehage"
"Steingarden barnehage Avd Tusenbeinet", "Steingarden barnehage avd. Tusenbeinet"
"Tjøttaparken Fus barnehage AS", "Tjøttaparken FUS barnehage"
"Vasshus Gardsbarnehage AS", "Vasshus gardsbarnehage"
"Vibå Musikkfamiliebarnehage Hilde Nysted", "Vibå musikkfamiliebarnehage Hilde Nysted"
"Eivindsholen Fus barnehage AS", "Eivindsholen FUS barnehage"
"Frøylandsparken barnehage AS", "Frøylandsparken barnehage"
"Haugland Gardsbarnehage", "Haugland gardsbarnehage"
"Jærbarnehagen Fus", "Jærbarnehagen FUS"
"Nlm Barnehagene AS Avd Frøyland barnehage", "NLM barnehagene avd. Frøyland barnehage"
"Nubben Familiebarnehage Da", "Nubben familiebarnehage"
"Skulegata barnehage AS", "Skulegata barnehage"
"Spødarbakken barnehage Sa", "Spødarbakken barnehage"
"Vestly Idrettsbarnehage", "Vestly idrettsbarnehage"
"Bruhammaren Fus barnehage", "Bruhammaren FUS barnehage"
"Fiskebekk barnehage Sa", "Fiskebekk barnehage"
"Rishagen Fus barnehage AS", "Rishagen FUS barnehage"
"Trollungen Familiebarnehage Gro Kristin Tollefsen", "Trollungen familiebarnehage Gro Kristin Tollefsen"
"Eventyrberget Foreldrelagsbarnehage Sa", "Eventyrberget foreldrelagsbarnehage"
"Hålandsmarkå barnehage Sa", "Hålandsmarkå barnehage"
"Læringsverkstedet barnehage Avd Jåsund", "Læringsverkstedet barnehage avd. Jåsund"
"Rodamyr barnehage Sa", "Rodamyr barnehage"
"Skadberg barnehage Sa", "Skadberg barnehage"
"Stemvegen Fus barnehage", "Stemvegen FUS barnehage"
"Sørnes Åpen barnehage", "Sørnes åpen barnehage"
"Tananger Menighetsbarnehage", "Tananger menighetsbarnehage"
"Nyvoll barnehage Sa", "Nyvoll barnehage"
"Ze-Bra Gårdsbarnehage AS", "Ze-bra gårdsbarnehage"
"Barnas Kulturhage AS", "Barnas kulturhage"
"Bikubå barnehage Sa", "Bikubå barnehage"
"Læringsverkstedet barnehage Avd Fjeldebakkane", "Læringsverkstedet barnehage avd. Fjeldebakkane"
"Nlm Barnehagene AS Avd Fjordsyn barnehage", "NLM barnehagene avd. Fjordsyn barnehage"
"Rødlandsmyrå barnehage Sa", "Rødlandsmyrå barnehage"
"Jelsa oppvekstsenter Avd barnehage", "Jelsa oppvekstsenter avd. barnehage"
"Nesflaten oppvekstsenter Avd barnehage", "Nesflaten oppvekstsenter avd. barnehage"
"Sand barnehage Avd Randåsen", "Sand barnehage avd. Randåsen"
"Sand barnehage Avd Joagarden", "Sand barnehage avd. Joagarden"
"Suldal barnehage avd Barnehageadministrasjon Avd Barnehageadministrasjon", "Suldal barnehage avd. barnehageadministrasjon Avd barnehageadministrasjon"
"Vanvik oppvekstsenter Avd barnehage", "Vanvik oppvekstsenter avd. barnehage"
"Brakamoen barnehage Sa", "Brakamoen barnehage"
"Småtrollingan Familiebarnehage", "Småtrollingan familiebarnehage"
"Bokn Kommunale barnehage", "Bokn kommunale barnehage"
"Asparmarka Fus barnehage", "Asparmarka FUS barnehage"
"Skjoldastraumen Maritime Fus barnehage AS", "Skjoldastraumen Maritime FUS barnehage"
"Bygnes Vitenbarnehage", "Bygnes vitenbarnehage"
"Tastarustå barnehage AS", "Tastarustå barnehage"
"Fladaberg Fus barnehage AS", "Fladaberg FUS barnehage"
"Hakkebakkeskogen barnehage Vormedal Sa", "Hakkebakkeskogen barnehage Vormedal"
"Læringsverkstedet barnehage Avd Kopervik Menighetsbarnehage", "Læringsverkstedet barnehage avd. Kopervik menighetsbarnehage"
"Læringsverkstedet barnehage Avd Åkrasanden", "Læringsverkstedet barnehage avd. Åkrasanden"
"Oasen Fus barnehage AS", "Oasen FUS barnehage"
"Rusvik Naturbarnehage", "Rusvik naturbarnehage"
"Sandhåland Musikk-Gårdsbarnehage AS", "Sandhåland musikk-gårdsbarnehage"
"Små Barnehager AS Avd Torvastad", "Små barnehager avd. Torvastad"
"Små Barnehager AS Avd Viken", "Små barnehager avd. Viken"
"Steinarskogen Fus barnehage AS", "Steinarskogen FUS barnehage"
"Steinhaugane Fus barnehage", "Steinhaugane FUS barnehage"
"Åsebøen Fus barnehage AS", "Åsebøen FUS barnehage"
"Nausthaugen barnehage AS", "Nausthaugen barnehage"
"Vikedal Fus barnehage AS", "Vikedal FUS barnehage"
"Ølensjøen Fus barnehage AS", "Ølensjøen FUS barnehage"
"Eventyrdalen Barnehage", "Eventyrdalen barnehage"
"Bortstuggu Flå Anita Sjulsen-Hage", "Bortstuggu Flå Anita Sjulsen-hage"
"Galåen Naturbarnehage AS", "Galåen naturbarnehage"
"Stenbråttet barnehage Sa", "Stenbråttet barnehage"
"Gårdsbarnehage AS", "Gårdsbarnehage"
"Jørihaugen Fus barnehage AS", "Jørihaugen FUS barnehage"
"Kvalvika barnehage AS", "Kvalvika barnehage"
"Læringsverkstedet barnehage Avd Draget", "Læringsverkstedet barnehage avd. Draget"
"Læringsverkstedet barnehage Avd Atlantis", "Læringsverkstedet barnehage avd. Atlantis"
"Læringsverkstedet barnehage Avd Blåtoppen", "Læringsverkstedet barnehage avd. Blåtoppen"
"Læringsverkstedet barnehage Avd Kristiansund Idrettsbarnehage", "Læringsverkstedet barnehage avd. Kristiansund idrettsbarnehage"
"Nøtteliten barnehage AS", "Nøtteliten barnehage"
"Vassbakken barnehage Sa", "Vassbakken barnehage"
"Veslefrikk barnehage Sa", "Veslefrikk barnehage"
"Solsikka barnehage AS", "Solsikka barnehage"
"Åram barnehage Avdeling Havblikk", "Åram barnehage avd. Havblikk"
"Gnist Barnehager Myklebust AS", "Gnist barnehager Myklebust"
"Huldal barnehage Sa", "Huldal barnehage"
"Sirlihaugen barnehage Sa", "Sirlihaugen barnehage"
"Troll Lia barnehage AS", "Troll Lia barnehage"
"Troll-Myra barnehage AS", "Troll-myra barnehage"
"Blåtinden barnehage Sa", "Blåtinden barnehage"
"Gnist Barnehager Støylane AS", "Gnist barnehager Støylane"
"Nlm Barnehagene AS Avd Tryggheim barnehage Ulsteinvik", "NLM barnehagene avd. Tryggheim barnehage Ulsteinvik"
"Sætra barnehage AS", "Sætra barnehage"
"Vikemarka barnehage AS", "Vikemarka barnehage"
"Gnist Barnehager Holstad AS", "Gnist barnehager Holstad"
"Foreldreforeininga Krokedalen Barne", "Foreldreforeininga krokedalenbarnehage"
"Liadal barnehage Sa", "Liadal barnehage"
"Mosmarka barnehage Sa", "Mosmarka barnehage"
"Trollhaugen barnehage Stranda Sa", "Trollhaugen barnehage Stranda"
"Tusenfryd barnehage Stranda Sa", "Tusenfryd barnehage Stranda"
"Tydal Kommunale barnehage", "Tydal kommunale barnehage"
"Blakstad Naturbarnehage", "Blakstad naturbarnehage"
"Ikornnes Fus barnehage AS", "Ikornnes FUS barnehage"
"Krikane barnehage AS", "Krikane barnehage"
"Nlm Barnehagene AS Avd Tryggheim barnehage Sykkylven", "NLM barnehagene avd. Tryggheim barnehage Sykkylven"
"Velledalen Naturbarnehage Sa", "Velledalen naturbarnehage"
"Gnist Barnehager Bjørkavåg AS", "Gnist barnehager Bjørkavåg"
"Hatlebakken barnehage Sa", "Hatlebakken barnehage"
"Nymarkbakken Fus barnehage AS", "Nymarkbakken FUS barnehage"
"Rørstadmarka barnehage Sa", "Rørstadmarka barnehage"
"Sula kommune Spes.Ped Hjelp Barneha", "Sula kommune Spes.ped Hjelp Barneha"
"Gnist Barnehager Nordstrand AS", "Gnist barnehager Nordstrand"
"Gnist Barnehager Sætra AS", "Gnist barnehager Sætra"
"Nlm Barnehagene AS Avd Tryggheim barnehage Godøya", "NLM barnehagene avd. Tryggheim barnehage Godøya"
"Fiksdal oppvekstsenter Barnehage", "Fiksdal oppvekstsenter barnehage"
"Nlm Barnehagene AS Avd Tryggheim barnehage Vestnes", "NLM barnehagene avd. Tryggheim barnehage Vestnes"
"Tresfjord oppvekstsenter Barnehage", "Tresfjord oppvekstsenter barnehage"
"Vike Motessoribarnehage Sa", "Vike motessoribarnehage"
"Innfjorden barnehage Sa", "Innfjorden barnehage"
"Nlm Barnehagene AS Avd Tryggheim barnehage Åndalsnes", "NLM barnehagene avd. Tryggheim barnehage Åndalsnes"
"Rabben barnehage AS", "Rabben barnehage"
"Barnebo barnehage Avdeling Furutun", "Barnebo barnehage avd. Furutun"
"Barnebo barnehage Avdeling Riksfjord", "Barnebo barnehage avd. Riksfjord"
"Båsemor Ans", "Båsemor"
"Hjellan Familiebarnehage", "Hjellan familiebarnehage"
"Læringsverkstedet barnehage Avd Øyane barnehage", "Læringsverkstedet barnehage avd. Øyane barnehage"
"Astaddalen Museumsbarnehage", "Astaddalen museumsbarnehage"
"Lykkeliten Barnehage, Storlandet Sa", "Lykkeliten barnehage, Storlandet"
"Nlm Barnehagene AS Avd Torvikbukt barnehage", "NLM barnehagene avd. Torvikbukt barnehage"
"Meisingset oppvekstsenter Avd barnehage", "Meisingset oppvekstsenter avd. barnehage"
"Gjøra oppvekstsenter Avd barnehage", "Gjøra oppvekstsenter avd. barnehage"
"Bøfjorden og Bæverfjord oppvekstsenter Avd Bæverfjord barnehage", "Bøfjorden og Bæverfjord oppvekstsenter avd. Bæverfjord barnehage"
"Bøfjorden og Bæverfjord oppvekstsenter Avd Bøfjorden barnehage", "Bøfjorden og Bæverfjord oppvekstsenter avd. Bøfjorden barnehage"
"Bårdshaugen barnehage AS", "Bårdshaugen barnehage"
"Mo oppvekstsenter Avd barnehage", "Mo oppvekstsenter avd. barnehage"
"Todalen og Stangvik oppvekstsenter Avd Stangvik barnehage", "Todalen og Stangvik oppvekstsenter avd. Stangvik barnehage"
"Todalen og Stangvik oppvekstsenter Avd Todalen barnehage", "Todalen og Stangvik oppvekstsenter avd. Todalen barnehage"
"Øye og Skei barnehage Avd. Øye", "Øye og Skei barnehage avd. Øye"
"Øye og Skei barnehage Avd. Skei", "Øye og Skei barnehage avd. Skei"
"Aure Sentrumsbarnehage", "Aure sentrumsbarnehage"
"Straumsvik barnehage Sa", "Straumsvik barnehage"
"Trollberget Familiebarnehage Lena Berntzen", "Trollberget familiebarnehage Lena Berntzen"
"Korntrøberget barnehage AS", "Korntrøberget barnehage"
"Sjølyst Fus barnehage AS", "Sjølyst FUS barnehage"
"Småtroll Familiebarnehage Lena Birgit Hansson", "Småtroll familiebarnehage Lena Birgit Hansson"
"Solregn Familiebarnehage AS", "Solregn familiebarnehage"
"Sveberg barnehage Sa", "Sveberg barnehage"
"Torphytta Familiebarnehage V/anne Larsen", "Torphytta familiebarnehage Anne Larsen"
"Utsikten Familiebarnehage Borghild Lucie Vikhammermo", "Utsikten familiebarnehage Borghild Lucie Vikhammermo"
"Espira Juberg Gårdsbarnehage", "Espira Juberg gårdsbarnehage"
"Kvamtoppen barnehage Kunst og Natur", "Kvamtoppen barnehage Kunst og natur"
"Abra Cadabra barnehage AS", "Abra Cadabra barnehage"
"Barnas Moa AS", "Barnas Moa"
"Bruse barnehage Sa", "Bruse barnehage"
"Casa Musica barnehage Ans", "Casa Musica barnehage"
"Farmen Menighetsbarnehage", "Farmen menighetsbarnehage"
"Frol barnehage Avd Leirabekken", "Frol barnehage avd. Leirabekken"
"Furumoen-Eiendom AS", "Furumoen-eiendom"
"Harelabben Familiebarnehage", "Harelabben familiebarnehage"
"Hompetitten barnehage AS", "Hompetitten barnehage"
"Kjønstadmarka Fus barnehage AS", "Kjønstadmarka FUS barnehage"
"Kårstua barnehage AS", "Kårstua barnehage"
"Landstad Familiebarnehage Siw Ingrid Skramstad", "Landstad familiebarnehage Siw Ingrid Skramstad"
"Momarka barnehage Avd Momarka", "Momarka barnehage avd. Momarka"
"Mossingan Familiebarnehage Ans", "Mossingan familiebarnehage"
"Mule Gårdsbarnehage Marit Kvam", "Mule gårdsbarnehage Marit Kvam"
"Munkeby Gård- og Naturbarnehage Sa", "Munkeby gård- og naturbarnehage"
"Nord Studentsamskipnad Avd Røstad barnehage", "Nord Studentsamskipnad avd. Røstad barnehage"
"Nord Studentsamskipnad Avd Trimia barnehage", "Nord Studentsamskipnad avd. Trimia barnehage"
"Purktrøa Gårdsbarnehage", "Purktrøa gårdsbarnehage"
"Ruffen Kanvas-Barnehage", "Ruffen Kanvas-barnehage"
"Skogn Menighetspleie barnehage", "Skogn menighetspleie barnehage"
"Vårtun Kristne oppvekstsenter - barnehage Sa", "Vårtun Kristne oppvekstsenter - barnehage"
"Abrakadabra barnehage AS", "Abrakadabra barnehage"
"Alsgård Fus barnehage", "Alsgård FUS barnehage"
"Bjerkenga Miljøbarnehage", "Bjerkenga miljøbarnehage"
"Gjæran barnehage Avd Osphaugen", "Gjæran barnehage avd. Osphaugen"
"Gjæran barnehage Avd Messiosen", "Gjæran barnehage avd. Messiosen"
"Gla'Ungan AS", "Gla'ungan"
"Grønnåsen barnehage AS", "Grønnåsen barnehage"
"Holstveien Familiebarnehage Hanne Kristin Torsteinsen", "Holstveien familiebarnehage Hanne Kristin Torsteinsen"
"Jensvoll barnehage AS", "Jensvoll barnehage"
"Kjerringøy oppvekstsenter Avd barnehage", "Kjerringøy oppvekstsenter avd. barnehage"
"Labbetuss barnehage Sa", "Labbetuss barnehage"
"Læringsverkstedet barnehage Avd Knerten", "Læringsverkstedet barnehage avd. Knerten"
"Læringsverkstedet barnehage Avd Nerenga", "Læringsverkstedet barnehage avd. Nerenga"
"Læringsverkstedet barnehage Avd Saltvern", "Læringsverkstedet barnehage avd. Saltvern"
"Læringsverkstedet barnehage Avd Notveien Naturbarnehage", "Læringsverkstedet barnehage avd. Notveien naturbarnehage"
"Læringsverkstedet barnehage Avd Maskinisten friluftsbarnehage", "Læringsverkstedet barnehage avd. Maskinisten friluftsbarnehage"
"Læringsverkstedet barnehage Avd Bodøsjøen", "Læringsverkstedet barnehage avd. Bodøsjøen"
"Læringsverkstedet barnehage Avd Trålveien", "Læringsverkstedet barnehage avd. Trålveien"
"Løding barnehage Avd Maurtua", "Løding barnehage avd. Maurtua"
"Løding barnehage Avd Vestre Løding", "Løding barnehage avd. Vestre Løding"
"Nerenga Barnehage Ans", "Nerenga barnehage"
"Neståsen barnehage Sa", "Neståsen barnehage"
"Nord Studentsamskipnad Avd Studentongan barnehage", "Nord Studentsamskipnad avd. Studentongan barnehage"
"Norlandia Breivika Kulturbarnehage", "Norlandia Breivika kulturbarnehage"
"Norlandia Kjeldmyrlia Naturbarnehage", "Norlandia Kjeldmyrlia naturbarnehage"
"Norlandia Vollen Naturbarnehage", "Norlandia Vollen naturbarnehage"
"Rønvik Menighetsbarnehage", "Rønvik menighetsbarnehage"
"Samvirkeforetaket Befalsfruene Bodø Garnison Sa - Bamsebo barnehage", "Samvirkeforetaket Befalsfruene Bodø Garnison - Bamsebo barnehage"
"Sentrum barnehage Avd Parkveien", "Sentrum barnehage avd. Parkveien"
"Sentrum barnehage Avd Vestbyen", "Sentrum barnehage avd. Vestbyen"
"Skaug oppvekstsenter Avd barnehage", "Skaug oppvekstsenter avd. barnehage"
"Skjerstad oppvekstsenter Avd barnehage", "Skjerstad oppvekstsenter avd. barnehage"
"Skolen i Væran Avd barnehage", "Skolen i Væran avd. barnehage"
"Stiftelsen Bodin 4h-Gård", "Stiftelsen Bodin 4h-gård"
"Trollmyra barnehage AS", "Trollmyra barnehage"
"Tverlandet Kirkebarnehage", "Tverlandet kirkebarnehage"
"Vågønes barnehage AS", "Vågønes barnehage"
"Barnetun barnehage Sa", "Barnetun barnehage"
"Brønnøy kommune Tiltak for Funksjonshemmede Barn i Barnehager", "Brønnøy kommune Tiltak for Funksjonshemmede Barn i barnehager"
"Fjellsøya barnehage AS", "Fjellsøya barnehage"
"Sylteren barnehage Sa", "Sylteren barnehage"
"Solli barnehage AS", "Solli barnehage"
"Regnbuen barnehage Sa", "Regnbuen barnehage"
"Sandnessjøen barnehage AS", "Sandnessjøen barnehage"
"Småbarnsforeldrenes barnehage Alstahaug Sa", "Småbarnsforeldrenes barnehage Alstahaug"
"Søvik oppvekstsenter Avd Søvik barnehage", "Søvik oppvekstsenter avd. Søvik barnehage"
"Tjøtta oppvekstsenter Avd Tjøtta barnehage", "Tjøtta oppvekstsenter avd. Tjøtta barnehage"
"Tverlandet oppvekstsenter Avd barnehage", "Tverlandet oppvekstsenter avd. barnehage"
"Ulvang oppvekstsenter Avd barnehage", "Ulvang oppvekstsenter avd. barnehage"
"Askeladden barnehage AS", "Askeladden barnehage"
"Bukkene Bruse Familiebarnehage", "Bukkene Bruse familiebarnehage"
"Fagertun Barnehage, Mkaf", "Fagertun barnehage, Mkaf"
"Kippermoen Friluftsbarnehage AS", "Kippermoen friluftsbarnehage"
"Landbruksskolens barnehage Sa", "Landbruksskolens barnehage"
"Mosjøen Fus barnehage AS", "Mosjøen FUS barnehage"
"Nyrud barnehage Sa", "Nyrud barnehage"
"Nøtteliten Familiebarnehage Trude Skar", "Nøtteliten familiebarnehage Trude Skar"
"Regnbuen barnehage Mosjøen AS", "Regnbuen barnehage Mosjøen"
"Skaland Naturbarnehage AS", "Skaland naturbarnehage"
"Grane Kommunale barnehage", "Grane kommunale barnehage"
"Karius og Baktus Kulturbarnehage Åse Granmo", "Karius og Baktus kulturbarnehage Åse Granmo"
"Hattfjelldal oppvekstsenter Avd barnehage", "Hattfjelldal oppvekstsenter avd. barnehage"
"Susendal oppvekstsenter Avd barnehage", "Susendal oppvekstsenter avd. barnehage"
"Varntresk oppvekstsenter Avd barnehage", "Varntresk oppvekstsenter avd. barnehage"
"Dønna barnehage Avd Solfjellsjøen", "Dønna barnehage avd. Solfjellsjøen"
"Dønna barnehage Avd Bjørn", "Dønna barnehage avd. Bjørn"
"Løkta oppvekstsenter Avd barnehage", "Løkta oppvekstsenter avd. barnehage"
"Rødstua barnehage Sa", "Rødstua barnehage"
"Sørfjellet Gårds- og friluftsbarnehage", "Sørfjellet gårds- og friluftsbarnehage"
"Tømmerheia Naturbarnehage", "Tømmerheia naturbarnehage"
"Barnehagen Småtroll AS", "Barnehagen Småtroll"
"Moltekarten Gårds- og Naturbarnehage AS", "Moltekarten gårds- og naturbarnehage"
"Røverreiret barnehage Sa", "Røverreiret barnehage"
"Skonseng Naturbarnehage", "Skonseng naturbarnehage"
"Stiftelsen Kirkebakken barnehage", "Stiftelsen kirkebakken barnehage"
"Tullas Hage AS", "Tullas Hage"
"Tusenbein barnehage Sa", "Tusenbein barnehage"
"Utskarpen barnehage og Menighetshus", "Utskarpen barnehage og menighetshus"
"Selvær oppvekstsenter Avdeling barnehage", "Selvær oppvekstsenter avd. barnehage"
"Bolga oppvekstsenter Avd barnehage", "Bolga oppvekstsenter avd. barnehage"
"Meløy oppvekstsenter Avd Solsikken barnehage", "Meløy oppvekstsenter avd. Solsikken barnehage"
"Nygårdsjøen oppvekstsenter Avd barnehage", "Nygårdsjøen oppvekstsenter avd. barnehage"
"Sørarnøy skole og barnehage Avd barnehage", "Sørarnøy skole og barnehage avd. barnehage"
"Engan Gårdsbarnehage AS", "Engan gårdsbarnehage"
"Fauske Idrettsbarnehage AS", "Fauske idrettsbarnehage"
"Kvitre barnehage AS", "Kvitre barnehage"
"Lyngheia barnehage AS", "Lyngheia barnehage"
"Læringsverkstedet barnehage Avd Medås Gårdsbarnehage", "Læringsverkstedet barnehage avd. Medås gårdsbarnehage"
"Stemland Gårdsbarnehage AS", "Stemland gårdsbarnehage"
"Valnesfjord barnehage Avd Løkås", "Valnesfjord barnehage avd. Løkås"
"Læringsverkstedet barnehage Avd Lødingen", "Læringsverkstedet barnehage avd. Lødingen"
"Værøy Kommunale barnehage", "Værøy kommunale barnehage"
"Nubben Barnehagedrift AS", "Nubben barnehagedrift"
"Ramberg oppvekstsenter AS", "Ramberg oppvekstsenter"
"Ballstad barnehage AS", "Ballstad barnehage"
"Borg Vikingbarnehage", "Borg vikingbarnehage"
"Griseknoen Gårdsbarnehage AS", "Griseknoen gårdsbarnehage"
"Heimly Familiebarnehage Renate Hansen", "Heimly familiebarnehage Renate Hansen"
"Norlandia Arken barnehage AS", "Norlandia Arken barnehage"
"Nye Kakhaugen barnehage Silja-Mari Hegrem", "Nye Kakhaugen barnehage Silja-mari Hegrem"
"Sjarken Familiebarnehage Edith Olga Børresen", "Sjarken familiebarnehage Edith Olga Børresen"
"Sjøkanten barnehage AS", "Sjøkanten barnehage"
"Skautrollet Naturbarnehage AS", "Skautrollet naturbarnehage"
"Tommeliten barnehage Nye AS", "Tommeliten barnehage Nye"
"Trollknausen barnehage AS", "Trollknausen barnehage"
"Barnehagen Gunhilds Minne AS", "Barnehagen Gunhilds Minne"
"Filipstua Friluftsbarnehage Sa", "Filipstua friluftsbarnehage"
"Kabelvåg barnehage AS", "Kabelvåg barnehage"
"Knutvika Familiebarnehage Nordheim", "Knutvika familiebarnehage Nordheim"
"Lundeveien Familiebarnehage Trine Malnes Grønvik", "Lundeveien familiebarnehage Trine Malnes Grønvik"
"Nordlys barnehage AS", "Nordlys barnehage"
"Osanstua barnehage AS", "Osanstua barnehage"
"Småtrollan barnehage Sa", "Småtrollan barnehage"
"Solheim barnehage AS", "Solheim barnehage"
"Strauman oppvekstsenter Avd barnehage", "Strauman oppvekstsenter avd. barnehage"
"Aspåsen barnehage Sa", "Aspåsen barnehage"
"Børøya barnehage Sa", "Børøya barnehage"
"Grytting barnehage Sa", "Grytting barnehage"
"Hoppensprett Melbu AS", "Hoppensprett Melbu"
"Hoppensprett Nordland AS", "Hoppensprett Nordland"
"Hoppensprett Stokmarknes AS", "Hoppensprett Stokmarknes"
"Lille-Børøya barnehage AS", "Lille-børøya barnehage"
"Tumlebo barnehage Sa", "Tumlebo barnehage"
"Knerten Familiebarnehage", "Knerten familiebarnehage"
"Myre Bedriftsbarnehage AS", "Myre bedriftsbarnehage"
"Trollskogen barnehage Sa", "Trollskogen barnehage"
"Blåfjell barnehage Sa", "Blåfjell barnehage"
"Granbuska Andelsbarnehage", "Granbuska andelsbarnehage"
"Hoppensprett Bjørkmo AS", "Hoppensprett Bjørkmo"
"Kleiva barnehage Sa", "Kleiva barnehage"
"Nordskogen barnehage Sa", "Nordskogen barnehage"
"Prestelva barnehage Sa", "Prestelva barnehage"
"Skogstjerna Familiebarnehage Sa", "Skogstjerna familiebarnehage"
"Selmalund Familiebarnehage Sa", "Selmalund familiebarnehage"
